,Acc,AUC,F1,Mcc,Bacc,Precision,Recall
0,0.6380316019058228,0.6560773849487305,0.5141086282824988,0.25821788598653,0.6184747468382228,0.647227942943573,0.4264069199562073
1,0.641312301158905,0.6600818634033203,0.500507614213198,0.2670171644609603,0.6190269121042169,0.6680216789245605,0.40016233921051025
2,0.6324422955513,0.6530885696411133,0.47290468722774004,0.24853604355475475,0.6079262002150181,0.6642192602157593,0.36715367436408997
3,0.6325637698173523,0.6382341384887695,0.48307692307692307,0.24766685276433814,0.6094366732737928,0.655988872051239,0.38230520486831665
4,0.6402187347412109,0.6743229627609253,0.5014312173766627,0.2642683228828457,0.6182844458511639,0.6638430953025818,0.40286797285079956
