,Acc,AUC,F1,Mcc,Bacc,Precision,Recall
0,0.8976722359657288,0.9614759683609009,0.89059065447068,0.7952631937882301,0.8987064733748866,0.8712541460990906,0.9108049273490906
1,0.8962795734405518,0.960109531879425,0.8876275326914786,0.7917659534282023,0.8968441745088442,0.8728274703025818,0.902938187122345
2,0.8919026255607605,0.9609151482582092,0.882868640413912,0.7829457447208127,0.8924169387132459,0.8682685494422913,0.8979681134223938
3,0.8955501317977905,0.9618992805480957,0.8873309964947421,0.7902151318704705,0.8957654118872719,0.8766077756881714,0.8983198404312134
4,0.893693208694458,0.9603761434555054,0.8856714927608587,0.7871217248603848,0.8947224935411202,0.8662109375,0.9060265421867371
